Time Stamp;Force (Newtons);Diff Time
44658.65286;-2.06498;0.00100
44658.65286;0.57844;0.00100
44658.65286;0.69859;0.00100
44658.65286;-0.98358;0.00100
44658.65286;2.74123;0.00100
44658.65286;2.14045;0.00100
44658.65286;1.17921;0.00100
44658.65286;3.70247;0.00100
44658.65286;3.70247;0.00100
44658.65286;1.53968;0.00100
44658.65286;3.94278;0.00100
44658.65286;2.14045;0.00100
44658.65286;-0.50296;0.00100
44658.65286;1.65983;0.00100
44658.65286;-0.26265;0.00100
44658.65286;-1.70451;0.00100
44658.65286;0.93890;0.00100
44658.65286;-0.14249;0.00100
44658.65286;-0.74327;0.00100
44658.65286;2.62108;0.00100
44658.65286;1.65983;0.00100
44658.65286;0.81875;0.00100
44658.65286;3.94278;0.00100
44658.65286;2.74123;0.00100
44658.65286;1.41952;0.00100
44658.65286;4.06294;0.00100
44658.65286;2.14045;0.00100
44658.65286;0.21797;0.00100
44658.65286;2.86139;0.00100
44658.65286;0.45828;0.00100
44658.65286;-0.50296;0.00100
44658.65286;1.90014;0.00100
44658.65286;1.05906;0.00100
44658.65286;-0.62312;0.00100
44658.65286;2.50092;0.00100
44658.65286;1.41952;0.00100
44658.65286;-0.02234;0.00100
44658.65286;3.46216;0.00100
44658.65286;1.65983;0.00100
44658.65286;1.05906;0.00100
44658.65286;3.46216;0.00100
44658.65286;1.90014;0.00100
44658.65286;0.93890;0.00100
44658.65286;2.86139;0.00100
44658.65286;1.29937;0.00100
44658.65286;-0.38281;0.00100
44658.65286;2.14045;0.00100
44658.65286;0.69859;0.00100
44658.65286;-0.62312;0.00100
44658.65286;2.26061;0.00100
44658.65286;0.81875;0.00100
44658.65286;0.21797;0.00100
44658.65286;2.98154;0.00100
44658.65286;1.53968;0.00100
44658.65286;0.69859;0.00100
44658.65286;3.58232;0.00100
44658.65286;1.90014;0.00100
44658.65286;0.69859;0.00100
44658.65286;4.06294;0.00100
44658.65286;1.41952;0.00100
44658.65286;0.69859;0.00100
44658.65286;2.38077;0.00101
44658.65286;1.29937;0.00101
44658.65286;-0.50296;0.00101
44658.65286;2.62108;0.00101
44658.65286;1.05906;0.00101
44658.65286;-0.26265;0.00101
44658.65286;2.98154;0.00101
44658.65286;1.29937;0.00101
44658.65286;0.33813;0.00101
44658.65286;3.46216;0.00101
44658.65286;1.77999;0.00100
44658.65286;0.69859;0.00100
44658.65286;3.82263;0.00100
44658.65286;1.90014;0.00100
44658.65286;1.05906;0.00100
44658.65286;3.22185;0.00100
44658.65286;1.77999;0.00100
44658.65286;-0.02234;0.00100
44658.65286;2.98154;0.00100
44658.65286;0.69859;0.00100
44658.65286;0.09782;0.00100
44658.65286;2.86139;0.00100
44658.65286;1.17921;0.00100
44658.65286;0.33813;0.00100
44658.65286;3.58232;0.00100
44658.65286;1.29937;0.00100
44658.65286;1.17921;0.00100
44658.65286;3.58232;0.00100
44658.65286;2.26061;0.00100
44658.65286;0.81875;0.00100
44658.65286;4.06294;0.00100
44658.65286;2.02030;0.00100
44658.65286;0.81875;0.00100
44658.65286;3.34201;0.00100
44658.65286;1.17921;0.00100
44658.65286;0.45828;0.00100
44658.65286;2.98154;0.00100
44658.65286;1.65983;0.00100
44658.65286;0.45828;0.00100
44658.65286;3.58232;0.00100
44658.65286;1.65983;0.00100
44658.65286;1.17921;0.00100
44658.65286;4.06294;0.00100
44658.65286;2.26061;0.00100
44658.65286;1.53968;0.00100
44658.65286;4.30325;0.00100
44658.65286;2.26061;0.00100
44658.65286;1.90014;0.00100
44658.65286;3.82263;0.00100
44658.65286;2.50092;0.00100
44658.65286;0.69859;0.00100
44658.65286;4.18309;0.00100
44658.65286;1.53968;0.00100
44658.65286;1.29937;0.00100
44658.65286;3.70247;0.00100
44658.65286;1.90014;0.00100
44658.65286;1.41952;0.00100
44658.65286;4.42340;0.00100
44658.65286;2.14045;0.00100
44658.65286;2.14045;0.00100
44658.65286;4.30325;0.00101
44658.65286;3.10170;0.00101
44658.65286;1.41952;0.00101
44658.65286;5.02418;0.00101
44658.65286;2.50092;0.00101
44658.65286;2.14045;0.00101
44658.65286;4.54356;0.00101
44658.65286;2.26061;0.00101
44658.65286;2.14045;0.00101
44658.65286;3.94278;0.00101
44658.65286;2.98154;0.00100
44658.65286;1.77999;0.00100
44658.65286;4.78387;0.00100
44658.65286;2.74123;0.00100
44658.65286;2.50092;0.00100
44658.65286;5.02418;0.00100
44658.65286;3.22185;0.00100
44658.65286;2.62108;0.00100
44658.65286;5.38465;0.00100
44658.65286;3.34201;0.00100
44658.65286;3.22185;0.00100
44658.65286;5.62496;0.00100
44658.65286;3.82263;0.00100
44658.65286;2.98154;0.00100
44658.65286;5.62496;0.00100
44658.65286;3.70247;0.00100
44658.65286;2.98154;0.00100
44658.65286;5.98542;0.00100
44658.65286;4.06294;0.00100
44658.65286;3.22185;0.00100
44658.65286;6.34589;0.00100
44658.65286;4.42340;0.00100
44658.65286;4.18309;0.00100
44658.65286;6.94666;0.00100
44658.65286;5.38465;0.00100
44658.65286;5.02418;0.00100
44658.65286;7.54744;0.00100
44658.65286;5.98542;0.00100
44658.65286;5.14434;0.00100
44658.65286;7.90791;0.00100
44658.65286;5.86527;0.00100
44658.65286;5.50480;0.00100
44658.65286;7.66760;0.00100
44658.65286;6.34589;0.00100
44658.65286;5.98542;0.00100
44658.65286;8.50868;0.00100
44658.65286;6.82651;0.00100
44658.65286;6.58620;0.00100
44658.65286;8.98930;0.00100
44658.65286;7.78775;0.00100
44658.65286;6.94666;0.00100
44658.65286;10.55132;0.00100
44658.65286;7.54744;0.00100
44658.65286;7.78775;0.00100
44658.65286;10.31101;0.00100
44658.65286;8.38853;0.00100
44658.65286;8.02806;0.00100
44658.65286;10.43117;0.00100
44658.65286;8.86915;0.00100
44658.65286;8.26837;0.00100
44658.65286;11.15210;0.00100
44658.65286;9.10946;0.00100
44658.65286;8.98930;0.00100
44658.65286;11.87303;0.00100
44658.65286;10.07070;0.00100
44658.65286;9.46993;0.00100
44658.65286;12.11334;0.00100
44658.65286;10.19086;0.00100
44658.65286;8.62884;0.00100
44658.65286;10.19086;0.00100
44658.65286;6.94666;0.00100
44658.65286;4.66372;0.00100
44658.65286;5.38465;0.00100
44658.65286;2.38077;0.00100
44658.65286;-0.02234;0.00100
44658.65286;2.86139;0.00100
44658.65286;1.05906;0.00100
44658.65286;1.53968;0.00100
44658.65286;5.38465;0.00100
44658.65286;3.22185;0.00100
44658.65286;6.10558;0.00100
44658.65286;9.34977;0.00100
44658.65286;10.67148;0.00100
44658.65286;10.79163;0.00100
44658.65286;15.23738;0.00100
44658.65286;13.79551;0.00100
44658.65286;12.83427;0.00100
44658.65286;16.67924;0.00100
44658.65286;13.19474;0.00100
44658.65286;12.71412;0.00100
44658.65286;14.75676;0.00100
44658.65286;11.99319;0.00100
44658.65286;11.63272;0.00100
44658.65286;13.91567;0.00100
44658.65286;12.71412;0.00100
44658.65286;13.55520;0.00100
44658.65286;16.19862;0.00100
44658.65286;16.07846;0.00100
44658.65286;15.71800;0.00100
44658.65286;19.44281;0.00100
44658.65286;17.28002;0.00099
44658.65286;17.15986;0.00099
44658.65286;20.04359;0.00099
44658.65286;18.00095;0.00099
44658.65286;17.88079;0.00099
44658.65286;19.68312;0.00099
44658.65286;18.24126;0.00099
44658.65286;18.60172;0.00099
44658.65286;20.28390;0.00099
44658.65286;21.48545;0.00099
44658.65286;18.48157;0.00100
44658.65286;23.52809;0.00100
44658.65286;21.00483;0.00100
44658.65286;20.64436;0.00100
44658.65286;24.60949;0.00100
44658.65286;21.48545;0.00100
44658.65286;22.44669;0.00100
44658.65286;24.36918;0.00100
44658.65286;23.88855;0.00100
44658.65286;23.40793;0.00100
44658.65286;26.53197;0.00100
44658.65286;25.81104;0.00100
44658.65286;25.09011;0.00100
44658.65286;28.09399;0.00100
44658.65286;27.73352;0.00100
44658.65286;27.13275;0.00100
44658.65286;30.49709;0.00100
44658.65286;29.17539;0.00100
44658.65286;30.13663;0.00100
44658.65286;31.09787;0.00100
44658.65286;33.14051;0.00100
44658.65286;30.49709;0.00100
44658.65286;36.50486;0.00100
44658.65286;33.74129;0.00100
44658.65286;36.14439;0.00100
44658.65286;37.58625;0.00100
44658.65286;39.14827;0.00100
44658.65286;36.98548;0.00100
44658.65286;40.95060;0.00100
44658.65286;40.71029;0.00100
44658.65286;40.22967;0.00100
44658.65286;43.59402;0.00100
44658.65286;44.55526;0.00100
44658.65286;42.63277;0.00100
44658.65286;48.28007;0.00100
44658.65286;47.31883;0.00100
44658.65286;48.03976;0.00100
44658.65286;50.44286;0.00100
44658.65286;53.20644;0.00100
44658.65286;51.16380;0.00100
44658.65286;55.36923;0.00100
44658.65286;55.48939;0.00100
44658.65286;55.36923;0.00100
44658.65286;58.13280;0.00100
44658.65286;60.53591;0.00100
44658.65286;59.33435;0.00100
44658.65286;62.33823;0.00100
44658.65286;66.66382;0.00100
44658.65286;64.50103;0.00100
44658.65286;69.66770;0.00100
44658.65287;72.55143;0.00101
44658.65287;70.74910;0.00101
44658.65287;76.87702;0.00101
44658.65287;76.03593;0.00101
44658.65287;76.87702;0.00101
44658.65287;78.19873;0.00101
44658.65287;83.12509;0.00101
44658.65287;78.31888;0.00101
44658.65287;86.12897;0.00101
44658.65287;85.64835;0.00101
44658.65287;85.52820;0.00100
44658.65287;91.29565;0.00100
44658.65287;90.69487;0.00100
44658.65287;93.21813;0.00100
44658.65287;94.65999;0.00100
44658.65287;99.10574;0.00100
44658.65287;97.42357;0.00100
44658.65287;100.06698;0.00100
44658.65287;103.19102;0.00100
44658.65287;102.10962;0.00100
44658.65287;103.55148;0.00101
44658.65287;110.28018;0.00101
44658.65287;106.31505;0.00101
44658.65287;112.08251;0.00101
44658.65287;114.48561;0.00101
44658.65287;114.48561;0.00101
44658.65287;118.57089;0.00101
44658.65287;121.09415;0.00101
44658.65287;123.25694;0.00101
44658.65287;122.65617;0.00101
44658.65287;129.86548;0.00099
44658.65287;127.94300;0.00099
44658.65287;129.38486;0.00099
44658.65287;135.75309;0.00099
44658.65287;131.66781;0.00099
44658.65287;137.55542;0.00099
44658.65287;139.95852;0.00099
44658.65287;141.03992;0.00099
44658.65287;143.92364;0.00099
44658.65287;143.44302;0.00099
44658.65287;146.92753;0.00101
44658.65287;147.64846;0.00101
44658.65287;148.00892;0.00101
44658.65287;154.85777;0.00101
44658.65287;150.29187;0.00101
44658.65287;158.34227;0.00101
44658.65287;157.26088;0.00101
44658.65287;158.70274;0.00101
44658.65287;163.74926;0.00101
44658.65287;160.14460;0.00101
44658.65287;165.19112;0.00100
44658.65287;158.94305;0.00100
44658.65287;166.75314;0.00100
44658.65287;161.10584;0.00100
44658.65287;161.58646;0.00100
44658.65287;165.07097;0.00100
44658.65287;160.98569;0.00100
44658.65287;163.86941;0.00100
44658.65287;168.55547;0.00100
44658.65287;167.35392;0.00100
44658.65287;174.56323;0.00102
44658.65287;175.28416;0.00102
44658.65287;183.69503;0.00102
44658.65287;179.24928;0.00102
44658.65287;187.29969;0.00102
44658.65287;185.61751;0.00102
44658.65287;182.25317;0.00102
44658.65287;187.66015;0.00102
44658.65287;184.17565;0.00102
44658.65287;181.53223;0.00102
44658.65287;184.65627;0.00099
44658.65287;178.28804;0.00099
44658.65287;181.89270;0.00099
44658.65287;180.33068;0.00099
44658.65287;189.22217;0.00099
44658.65287;184.17565;0.00099
44658.65287;194.26869;0.00099
44658.65287;194.38884;0.00099
44658.65287;196.43148;0.00099
44658.65287;198.59428;0.00099
44658.65287;201.71831;0.00101
44658.65287;204.96251;0.00101
44658.65287;202.91987;0.00101
44658.65287;214.09430;0.00101
44658.65287;239.44706;0.00101
44658.65287;223.70672;0.00101
44658.65287;244.01296;0.00101
44658.65287;219.74160;0.00101
44658.65287;250.14088;0.00101
44658.65287;238.36566;0.00101
44658.65287;256.86957;0.00099
44658.65287;260.23391;0.00099
44658.65287;261.55562;0.00099
44658.65287;272.73006;0.00099
44658.65287;256.74941;0.00099
44658.65287;259.87345;0.00099
44658.65287;254.58662;0.00099
44658.65287;241.85016;0.00099
44658.65287;248.33855;0.00099
44658.65287;240.76877;0.00099
44658.65287;255.66802;0.00100
44658.65287;228.99355;0.00100
44658.65287;256.02848;0.00100
44658.65287;219.74160;0.00100
44658.65287;243.41218;0.00100
44658.65287;230.31526;0.00100
44658.65287;236.56333;0.00100
44658.65287;242.21063;0.00100
44658.65287;236.92380;0.00100
44658.65287;243.41218;0.00100
44658.65287;223.46641;0.00100
44658.65287;232.23774;0.00100
44658.65287;227.91216;0.00100
44658.65287;217.09818;0.00100
44658.65287;242.81141;0.00100
44658.65287;218.41989;0.00100
44658.65287;239.32690;0.00100
44658.65287;224.90828;0.00100
44658.65287;229.59433;0.00100
44658.65287;227.79200;0.00100
44658.65287;220.70284;0.00100
44658.65287;238.84628;0.00100
44658.65287;220.22222;0.00100
44658.65287;241.00908;0.00100
44658.65287;225.50905;0.00100
44658.65287;225.14859;0.00100
44658.65287;231.27650;0.00100
44658.65287;218.66020;0.00100
44658.65287;239.92768;0.00100
44658.65287;223.22610;0.00100
44658.65287;246.05560;0.00100
44658.65287;228.39278;0.00100
44658.65287;235.24163;0.00100
44658.65287;229.59433;0.00100
44658.65287;229.47417;0.00100
44658.65287;225.86952;0.00100
44658.65287;230.55557;0.00100
44658.65287;230.43542;0.00100
44658.65287;231.99743;0.00100
44658.65287;231.87728;0.00100
44658.65287;233.79976;0.00101
44658.65287;228.39278;0.00101
44658.65287;234.28038;0.00101
44658.65287;235.72225;0.00101
44658.65287;241.48970;0.00101
44658.65287;240.64861;0.00101
44658.65287;245.21451;0.00101
44658.65287;236.80364;0.00101
44658.65287;232.35790;0.00101
44658.65287;236.68349;0.00101
44658.65287;226.83076;0.00100
44658.65287;238.48582;0.00100
44658.65287;228.15247;0.00100
44658.65287;240.64861;0.00100
44658.65287;225.50905;0.00100
44658.65287;240.52846;0.00100
44658.65287;228.03231;0.00100
44658.65287;235.48194;0.00100
44658.65287;235.60209;0.00100
44658.65287;242.21063;0.00100
44658.65287;237.28426;0.00100
44658.65287;245.21451;0.00100
44658.65287;238.00520;0.00100
44658.65287;238.84628;0.00100
44658.65287;230.07495;0.00100
44658.65287;235.96256;0.00100
44658.65287;229.83464;0.00100
44658.65287;237.88504;0.00100
44658.65287;234.16023;0.00100
44658.65287;236.32302;0.00100
44658.65287;230.07495;0.00100
44658.65287;237.28426;0.00100
44658.65287;230.91604;0.00100
44658.65287;235.48194;0.00100
44658.65287;238.24551;0.00100
44658.65287;234.16023;0.00100
44658.65287;241.48970;0.00100
44658.65287;232.83852;0.00100
44658.65287;240.88892;0.00100
44658.65287;230.19511;0.00100
44658.65287;238.72613;0.00100
44658.65287;234.52069;0.00100
44658.65287;235.36178;0.00100
44658.65287;237.64473;0.00100
44658.65287;236.68349;0.00100
44658.65287;232.71837;0.00100
44658.65287;231.39666;0.00100
44658.65287;237.28426;0.00100
44658.65287;227.67185;0.00100
44658.65287;239.92768;0.00100
44658.65287;232.95868;0.00101
44658.65287;237.28426;0.00101
44658.65287;233.79976;0.00101
44658.65287;235.84240;0.00101
44658.65287;235.72225;0.00101
44658.65287;234.28038;0.00101
44658.65287;239.56721;0.00101
44658.65287;240.28815;0.00101
44658.65287;232.83852;0.00101
44658.65287;242.33078;0.00101
44658.65287;228.87340;0.00101
44658.65287;232.83852;0.00101
44658.65287;231.75712;0.00101
44658.65287;230.55557;0.00101
44658.65287;230.79588;0.00101
44658.65287;233.91992;0.00101
44658.65287;232.23774;0.00101
44658.65287;232.59821;0.00101
44658.65287;232.35790;0.00101
44658.65287;233.79976;0.00101
44658.65287;236.44318;0.00100
44658.65287;234.28038;0.00100
44658.65287;243.65249;0.00100
44658.65287;233.91992;0.00100
44658.65287;239.56721;0.00100
44658.65287;233.67961;0.00100
44658.65287;228.87340;0.00100
44658.65287;230.55557;0.00100
44658.65287;229.71448;0.00100
44658.65287;229.11371;0.00100
44658.65287;233.91992;0.00102
44658.65287;229.35402;0.00102
44658.65287;235.84240;0.00102
44658.65287;225.38890;0.00102
44658.65287;236.08271;0.00102
44658.65287;231.27650;0.00102
44658.65287;235.00132;0.00102
44658.65287;234.28038;0.00102
44658.65287;238.84628;0.00102
44658.65287;228.03231;0.00102
44658.65287;236.56333;0.00102
44658.65287;226.10983;0.00102
44658.65287;228.27262;0.00102
44658.65287;228.03231;0.00102
44658.65287;227.07107;0.00102
44658.65287;231.99743;0.00102
44658.65287;227.31138;0.00102
44658.65287;233.31914;0.00102
44658.65287;228.15247;0.00102
44658.65287;228.87340;0.00102
44658.65287;231.15635;0.00101
44658.65287;229.95480;0.00101
44658.65287;228.63309;0.00101
44658.65287;233.19899;0.00101
44658.65287;230.07495;0.00101
44658.65287;228.03231;0.00101
44658.65287;231.39666;0.00101
44658.65287;228.51293;0.00101
44658.65287;227.07107;0.00101
44658.65287;230.55557;0.00101
44658.65287;227.31138;0.00082
44658.65287;228.99355;0.00082
44658.65287;226.71060;0.00082
44658.65287;229.59433;0.00082
44658.65287;223.70672;0.00082
44658.65287;227.43154;0.00082
44658.65287;230.31526;0.00082
44658.65287;222.02455;0.00082
44658.65287;234.28038;0.00082
44658.65287;223.10595;0.00082
44658.65287;233.91992;0.00101
44658.65287;226.10983;0.00101
44658.65287;233.07883;0.00101
44658.65287;231.51681;0.00101
44658.65287;228.15247;0.00101
44658.65287;236.08271;0.00101
44658.65287;224.42765;0.00101
44658.65287;226.22998;0.00101
44658.65287;225.98967;0.00101
44658.65287;220.58269;0.00101
44658.65287;224.90828;0.00099
44658.65287;222.38502;0.00099
44658.65287;225.62921;0.00099
44658.65287;225.02843;0.00099
44658.65287;223.34626;0.00099
44658.65287;232.95868;0.00099
44658.65287;222.98579;0.00099
44658.65287;235.72225;0.00099
44658.65287;226.95091;0.00099
44658.65287;231.15635;0.00099
44658.65287;227.43154;0.00101
44658.65287;228.99355;0.00101
44658.65287;217.33850;0.00101
44658.65287;226.35014;0.00101
44658.65287;218.78036;0.00101
44658.65287;225.26874;0.00101
44658.65287;220.10207;0.00101
44658.65287;228.15247;0.00101
44658.65287;223.10595;0.00101
44658.65287;224.30750;0.00101
44658.65287;226.95091;0.00100
44658.65287;226.71060;0.00100
44658.65287;222.86564;0.00100
44658.65287;230.43542;0.00100
44658.65287;225.02843;0.00100
44658.65287;227.55169;0.00100
44658.65287;225.98967;0.00100
44658.65287;224.54781;0.00100
44658.65287;220.58269;0.00100
44658.65287;224.90828;0.00100
44658.65287;222.14470;0.00100
44658.65287;224.78812;0.00100
44658.65287;222.86564;0.00100
44658.65287;225.62921;0.00100
44658.65287;222.26486;0.00100
44658.65287;222.74548;0.00100
44658.65287;226.35014;0.00100
44658.65287;219.38113;0.00100
44658.65287;225.26874;0.00100
44658.65287;227.19122;0.00100
44658.65287;221.42377;0.00100
44658.65287;228.99355;0.00100
44658.65287;223.58657;0.00100
44658.65287;224.66796;0.00100
44658.65287;226.10983;0.00100
44658.65287;223.46641;0.00100
44658.65287;227.67185;0.00100
44658.65287;219.74160;0.00100
44658.65287;225.74936;0.00100
44658.65287;222.74548;0.00100
44658.65287;219.02067;0.00100
44658.65287;224.78812;0.00100
44658.65287;220.10207;0.00100
44658.65287;218.66020;0.00100
44658.65287;225.02843;0.00100
44658.65287;219.26098;0.00100
44658.65287;226.22998;0.00100
44658.65287;222.62533;0.00100
44658.65287;227.43154;0.00100
44658.65287;226.59045;0.00100
44658.65287;225.86952;0.00100
44658.65287;228.51293;0.00100
44658.65287;222.86564;0.00100
44658.65287;220.46253;0.00100
44658.65287;221.90439;0.00100
44658.65287;220.82300;0.00100
44658.65287;215.77648;0.00100
44658.65287;225.50905;0.00100
44658.65287;214.45477;0.00100
44658.65287;224.06719;0.00100
44658.65287;219.14082;0.00100
44658.65287;224.42765;0.00100
44658.65287;221.18346;0.00100
44658.65287;222.74548;0.00100
44658.65287;227.91216;0.00100
44658.65287;219.98191;0.00100
44658.65287;228.27262;0.00100
44658.65287;223.10595;0.00100
44658.65287;217.69896;0.00100
44658.65287;220.94315;0.00100
44658.65287;218.29974;0.00101
44658.65287;214.69508;0.00101
44658.65287;222.02455;0.00101
44658.65287;217.57881;0.00101
44658.65287;221.30362;0.00101
44658.65287;218.54005;0.00101
44658.65287;222.50517;0.00101
44658.65287;221.66408;0.00101
44658.65287;218.66020;0.00101
44658.65287;226.95091;0.00101
44658.65287;218.05943;0.00100
44658.65287;222.38502;0.00100
44658.65287;227.07107;0.00100
44658.65287;217.33850;0.00100
44658.65287;221.42377;0.00100
44658.65287;219.86176;0.00100
44658.65287;214.57492;0.00100
44658.65287;222.14470;0.00100
44658.65287;214.09430;0.00100
44658.65287;221.18346;0.00100
44658.65287;217.09818;0.00100
44658.65287;220.22222;0.00100
44658.65287;222.50517;0.00100
44658.65287;217.69896;0.00100
44658.65287;223.22610;0.00100
44658.65287;220.46253;0.00100
44658.65287;219.02067;0.00100
44658.65287;221.90439;0.00100
44658.65287;222.02455;0.00100
44658.65287;219.86176;0.00100
44658.65287;221.66408;0.00100
44658.65287;219.50129;0.00100
44658.65287;221.42377;0.00100
44658.65287;215.89663;0.00100
44658.65287;221.30362;0.00100
44658.65287;214.45477;0.00100
44658.65287;214.69508;0.00100
44658.65287;219.14082;0.00100
44658.65287;214.21446;0.00100
44658.65287;220.70284;0.00100
44658.65287;214.93539;0.00100
44658.65287;224.06719;0.00100
44658.65287;214.81524;0.00100
44658.65287;223.70672;0.00100
44658.65287;222.50517;0.00100
44658.65287;219.26098;0.00100
44658.65287;225.62921;0.00100
44658.65287;217.21834;0.00100
44658.65287;221.06331;0.00100
44658.65287;213.85399;0.00100
44658.65287;218.54005;0.00100
44658.65287;214.21446;0.00100
44658.65287;213.61368;0.00100
44658.65287;221.18346;0.00100
44658.65287;211.93151;0.00100
44658.65287;221.30362;0.00100
44658.65287;217.09818;0.00100
44658.65287;218.05943;0.00100
44658.65287;218.29974;0.00100
44658.65287;218.05943;0.00100
44658.65287;224.30750;0.00100
44658.65287;214.57492;0.00100
44658.65287;225.02843;0.00100
44658.65287;218.66020;0.00100
44658.65287;215.53617;0.00100
44658.65287;219.86176;0.00100
44658.65287;213.97415;0.00100
44658.65287;215.65632;0.00100
44658.65287;214.93539;0.00100
44658.65287;213.61368;0.00100
44658.65287;216.73772;0.00100
44658.65287;209.28809;0.00100
44658.65287;219.86176;0.00100
44658.65287;210.00903;0.00100
44658.65287;216.97803;0.00100
44658.65287;218.90051;0.00100
44658.65287;215.53617;0.00100
44658.65287;218.29974;0.00100
44658.65287;219.50129;0.00100
44658.65287;214.57492;0.00100
44658.65287;219.62144;0.00100
44658.65287;214.33461;0.00100
44658.65287;218.41989;0.00100
44658.65287;212.65244;0.00100
44658.65287;214.45477;0.00100
44658.65287;218.29974;0.00100
44658.65287;208.68732;0.00100
44658.65287;216.25710;0.00100
44658.65287;213.73384;0.00100
44658.65287;209.52840;0.00100
44658.65287;219.74160;0.00101
44658.65287;215.17570;0.00101
44658.65287;213.97415;0.00101
44658.65287;220.34238;0.00101
44658.65287;212.65244;0.00101
44658.65287;222.14470;0.00101
44658.65287;211.21058;0.00101
44658.65287;220.58269;0.00101
44658.65287;211.69120;0.00101
44658.65287;211.93151;0.00101
44658.65287;216.13694;0.00100
44658.65287;206.64468;0.00100
44658.65287;209.76872;0.00100
44658.65287;214.69508;0.00100
44658.65287;208.56716;0.00100
44658.65287;214.33461;0.00100
44658.65287;212.89275;0.00100
44658.65287;215.65632;0.00100
44658.65287;213.25322;0.00100
44658.65287;215.77648;0.00100
44658.65287;217.69896;0.00100
44658.65287;213.73384;0.00100
44658.65287;218.17958;0.00100
44658.65287;216.25710;0.00100
44658.65287;211.21058;0.00100
44658.65287;213.37337;0.00100
44658.65287;212.53229;0.00100
44658.65287;207.48577;0.00100
44658.65287;212.65244;0.00100
44658.65287;209.76872;0.00100
44658.65287;214.09430;0.00101
44658.65287;212.65244;0.00101
44658.65287;214.09430;0.00101
44658.65287;214.57492;0.00101
44658.65287;210.97027;0.00101
44658.65287;218.41989;0.00101
44658.65287;214.33461;0.00101
44658.65287;215.29586;0.00101
44658.65287;216.61756;0.00101
44658.65287;215.65632;0.00101
44658.65287;210.24934;0.00100
44658.65287;216.13694;0.00100
44658.65287;210.97027;0.00100
44658.65287;209.52840;0.00100
44658.65287;212.17182;0.00100
44658.65287;209.76872;0.00100
44658.65287;213.61368;0.00100
44658.65287;211.45089;0.00100
44658.65287;213.85399;0.00100
44658.65287;208.44701;0.00100
44658.65287;211.21058;0.00100
44658.65287;217.81912;0.00100
44658.65287;209.40825;0.00100
44658.65287;218.17958;0.00100
44658.65287;212.29198;0.00100
44658.65287;218.05943;0.00100
44658.65287;210.97027;0.00100
44658.65287;216.61756;0.00100
44658.65287;216.13694;0.00100
44658.65287;208.68732;0.00100
44658.65287;215.77648;0.00100
44658.65287;209.64856;0.00100
44658.65287;206.64468;0.00100
44658.65287;215.41601;0.00100
44658.65287;203.40049;0.00100
44658.65287;216.13694;0.00100
44658.65287;203.64080;0.00100
44658.65287;217.21834;0.00100
44658.65287;209.88887;0.00100
44658.65287;213.85399;0.00100
44658.65287;219.98191;0.00100
44658.65287;207.72608;0.00100
44658.65287;221.66408;0.00100
44658.65287;209.76872;0.00100
44658.65287;215.53617;0.00100
44658.65287;214.33461;0.00100
44658.65287;207.72608;0.00100
44658.65287;213.73384;0.00100
44658.65287;203.28033;0.00100
44658.65287;213.37337;0.00100
44658.65287;210.24934;0.00101
44658.65287;205.20282;0.00101
44658.65287;216.97803;0.00101
44658.65287;203.64080;0.00101
44658.65287;216.37725;0.00101
44658.65287;208.32685;0.00101
44658.65287;215.89663;0.00101
44658.65287;211.33073;0.00101
44658.65287;216.01679;0.00101
44658.65287;212.17182;0.00101
44658.65287;214.33461;0.00100
44658.65287;207.48577;0.00100
44658.65287;212.77260;0.00100
44658.65287;200.39661;0.00100
44658.65287;208.80747;0.00100
44658.65287;207.84623;0.00100
44658.65287;206.40437;0.00100
44658.65287;208.56716;0.00100
44658.65287;209.88887;0.00100
44658.65287;207.36561;0.00100
44658.65287;210.48965;0.00101
44658.65287;207.24546;0.00101
44658.65287;213.13306;0.00101
44658.65287;206.40437;0.00101
44658.65287;215.53617;0.00101
44658.65287;207.36561;0.00101
44658.65287;208.80747;0.00101
44658.65287;212.77260;0.00101
44658.65287;204.36173;0.00101
44658.65287;207.48577;0.00101
44658.65287;206.40437;0.00099
44658.65287;206.52452;0.00099
44658.65287;203.52064;0.00099
44658.65287;207.60592;0.00099
44658.65287;205.56328;0.00099
44658.65287;207.36561;0.00099
44658.65287;204.72220;0.00099
44658.65287;208.68732;0.00099
44658.65287;204.96251;0.00099
44658.65287;208.20670;0.00099
44658.65287;209.28809;0.00101
44658.65287;204.72220;0.00101
44658.65287;211.21058;0.00101
44658.65287;208.20670;0.00101
44658.65287;207.60592;0.00101
44658.65287;207.24546;0.00101
44658.65287;206.28421;0.00101
44658.65287;205.44313;0.00101
44658.65287;203.76095;0.00101
44658.65287;204.84235;0.00101
44658.65287;204.84235;0.00100
44658.65287;199.79583;0.00100
44658.65287;208.56716;0.00100
44658.65287;201.95862;0.00100
44658.65287;204.84235;0.00100
44658.65287;205.68344;0.00100
44658.65287;208.20670;0.00100
44658.65287;204.60204;0.00100
44658.65287;211.69120;0.00100
44658.65287;209.16794;0.00100
44658.65287;207.00514;0.00101
44658.65287;207.84623;0.00101
44658.65287;209.40825;0.00101
44658.65287;202.43925;0.00101
44658.65287;208.92763;0.00101
44658.65287;201.83847;0.00101
44658.65287;207.72608;0.00101
44658.65287;201.35785;0.00101
44658.65287;206.88499;0.00101
44658.65287;203.16018;0.00101
44658.65287;203.64080;0.00100
44658.65287;209.04778;0.00100
44658.65287;206.28421;0.00100
44658.65287;207.12530;0.00100
44658.65287;209.76872;0.00100
44658.65287;208.68732;0.00100
44658.65287;206.04390;0.00100
44658.65287;207.84623;0.00100
44658.65287;202.43925;0.00100
44658.65287;207.48577;0.00100
44658.65287;201.83847;0.00096
44658.65287;205.80359;0.00096
44658.65287;201.83847;0.00096
44658.65287;203.40049;0.00096
44658.65287;205.32297;0.00096
44658.65287;199.67568;0.00096
44658.65287;206.04390;0.00096
44658.65287;201.95862;0.00096
44658.65287;206.64468;0.00096
44658.65287;202.43925;0.00096
44658.65287;209.76872;0.00100
44658.65287;205.44313;0.00100
44658.65287;204.48188;0.00100
44658.65287;208.56716;0.00100
44658.65287;201.23769;0.00100
44658.65287;207.96639;0.00100
44658.65287;199.67568;0.00100
44658.65287;208.68732;0.00100
44658.65287;196.91210;0.00100
44658.65287;206.40437;0.00100
44658.65287;203.28033;0.00101
44658.65287;198.71443;0.00101
44658.65287;205.56328;0.00101
44658.65287;201.35785;0.00101
44658.65287;201.47800;0.00101
44658.65287;203.52064;0.00101
44658.65287;204.48188;0.00101
44658.65287;202.55940;0.00101
44658.65287;204.60204;0.00101
44658.65287;206.40437;0.00101
44658.65287;202.19894;0.00100
44658.65287;206.28421;0.00100
44658.65287;202.43925;0.00100
44658.65287;202.91987;0.00100
44658.65287;199.19505;0.00100
44658.65287;203.76095;0.00100
44658.65287;201.47800;0.00100
44658.65287;199.43536;0.00100
44658.65287;204.24157;0.00100
44658.65287;202.19894;0.00100
44658.65287;200.51676;0.00100
44658.65287;207.60592;0.00100
44658.65287;201.23769;0.00100
44658.65287;205.44313;0.00100
44658.65287;204.36173;0.00100
44658.65287;206.76483;0.00100
44658.65287;203.40049;0.00100
44658.65287;205.92375;0.00100
44658.65287;206.64468;0.00100
44658.65287;197.99350;0.00100
44658.65287;206.16406;0.00100
44658.65287;200.51676;0.00100
44658.65287;201.11754;0.00100
44658.65287;200.99738;0.00100
44658.65287;203.28033;0.00100
44658.65287;200.51676;0.00100
44658.65287;200.75707;0.00100
44658.65287;204.48188;0.00100
44658.65287;200.27645;0.00100
44658.65287;204.84235;0.00100
44658.65287;202.91987;0.00100
44658.65287;205.80359;0.00100
44658.65287;202.67956;0.00100
44658.65287;205.80359;0.00100
44658.65287;204.72220;0.00100
44658.65287;197.03226;0.00100
44658.65287;206.28421;0.00100
44658.65287;195.83071;0.00100
44658.65287;200.03614;0.00100
44658.65287;199.07490;0.00100
44658.65287;198.23381;0.00100
44658.65287;198.59428;0.00100
44658.65287;197.51288;0.00100
44658.65287;204.00126;0.00100
44658.65287;197.63304;0.00100
44658.65287;202.91987;0.00100
44658.65287;204.36173;0.00100
44658.65287;199.79583;0.00100
44658.65287;207.84623;0.00100
44658.65287;200.03614;0.00100
44658.65287;204.48188;0.00100
44658.65287;198.11366;0.00100
44658.65287;202.79971;0.00100
44658.65287;198.35397;0.00100
44658.65287;198.11366;0.00100
44658.65287;202.19894;0.00100
44658.65287;197.27257;0.00100
44658.65287;201.59816;0.00100
44658.65287;200.63692;0.00100
44658.65287;202.07878;0.00100
44658.65287;199.31521;0.00101
44658.65287;204.12142;0.00101
44658.65287;202.79971;0.00101
44658.65287;202.07878;0.00101
44658.65287;207.36561;0.00101
44658.65287;200.27645;0.00101
44658.65287;208.56716;0.00101
44658.65287;197.39273;0.00101
44658.65287;207.72608;0.00101
44658.65287;196.79195;0.00101
44658.65287;198.71443;0.00100
44658.65287;204.12142;0.00100
44658.65287;191.26481;0.00100
44658.65287;205.92375;0.00100
44658.65287;193.66791;0.00100
44658.65287;205.44313;0.00100
44658.65287;195.95086;0.00100
44658.65287;203.16018;0.00100
44658.65287;202.43925;0.00100
44658.65287;199.91599;0.00100
44658.65287;206.76483;0.00100
44658.65287;201.11754;0.00100
44658.65287;204.24157;0.00100
44658.65287;201.47800;0.00100
44658.65287;205.80359;0.00100
44658.65287;197.27257;0.00100
44658.65287;203.64080;0.00100
44658.65287;199.91599;0.00100
44658.65287;193.42760;0.00100
44658.65287;205.08266;0.00100
44658.65287;193.90822;0.00100
44658.65287;202.43925;0.00100
44658.65287;196.67179;0.00100
44658.65287;201.47800;0.00100
44658.65287;196.07102;0.00100
44658.65287;201.71831;0.00100
44658.65287;201.11754;0.00100
44658.65287;200.75707;0.00100
44658.65287;204.48188;0.00100
44658.65287;202.43925;0.00100
44658.65287;204.48188;0.00100
44658.65287;197.39273;0.00100
44658.65287;204.12142;0.00100
44658.65287;194.02838;0.00100
44658.65287;197.75319;0.00100
44658.65287;199.31521;0.00100
44658.65287;194.26869;0.00100
44658.65287;196.31133;0.00100
44658.65287;197.87335;0.00100
44658.65287;192.10590;0.00100
44658.65287;202.31909;0.00101
44658.65287;193.66791;0.00101
44658.65287;207.12530;0.00101
44658.65287;194.26869;0.00101
44658.65287;207.84623;0.00101
44658.65287;202.07878;0.00101
44658.65287;201.35785;0.00101
44658.65287;204.00126;0.00101
44658.65287;200.87723;0.00101
44658.65287;196.31133;0.00101
44658.65287;200.87723;0.00100
44658.65287;195.47024;0.00100
44658.65287;197.63304;0.00100
44658.65287;192.70667;0.00100
44658.65287;197.87335;0.00100
44658.65287;193.90822;0.00100
44658.65287;193.30745;0.00100
44658.65287;200.63692;0.00100
44658.65287;197.39273;0.00100
44658.65287;202.43925;0.00100
44658.65287;202.19894;0.00100
44658.65287;201.71831;0.00100
44658.65287;197.87335;0.00100
44658.65287;201.35785;0.00100
44658.65287;199.67568;0.00100
44658.65287;195.83071;0.00100
44658.65287;199.67568;0.00100
44658.65287;195.83071;0.00100
44658.65287;192.58652;0.00100
44658.65287;195.47024;0.00100
44658.65287;195.83071;0.00100
44658.65287;193.42760;0.00100
44658.65287;198.71443;0.00100
44658.65287;196.19117;0.00100
44658.65287;199.07490;0.00100
44658.65287;197.39273;0.00100
44658.65287;201.23769;0.00100
44658.65287;199.43536;0.00100
44658.65287;195.35009;0.00100
44658.65287;204.36173;0.00100
44658.65287;193.42760;0.00100
44658.65287;200.87723;0.00100
44658.65287;194.74931;0.00100
44658.65287;195.59040;0.00100
44658.65287;194.50900;0.00100
44658.65287;192.58652;0.00100
44658.65287;199.55552;0.00100
44658.65287;189.82295;0.00100
44658.65287;200.03614;0.00100
44658.65287;194.62916;0.00100
44658.65287;193.66791;0.00100
44658.65287;198.23381;0.00100
44658.65287;195.95086;0.00100
44658.65287;196.79195;0.00100
44658.65287;197.87335;0.00100
44658.65287;200.99738;0.00100
44658.65287;195.35009;0.00100
44658.65287;198.95474;0.00100
44658.65287;193.66791;0.00100
44658.65287;193.30745;0.00100
44658.65287;192.94698;0.00101
44658.65287;193.66791;0.00101
44658.65287;195.10978;0.00101
44658.65287;190.66403;0.00101
44658.65287;196.43148;0.00101
44658.65287;193.66791;0.00101
44658.65287;189.94310;0.00101
44658.65287;201.11754;0.00101
44658.65287;189.82295;0.00101
44658.65287;202.19894;0.00101
44658.65287;196.31133;0.00100
44658.65287;201.71831;0.00100
44658.65287;198.95474;0.00100
44658.65287;196.43148;0.00100
44658.65287;201.47800;0.00100
44658.65287;191.26481;0.00100
44658.65287;197.15242;0.00100
44658.65287;196.43148;0.00100
44658.65287;189.10201;0.00100
44658.65287;198.23381;0.00100
44658.65287;190.06326;0.00101
44658.65287;196.79195;0.00101
44658.65287;191.26481;0.00101
44658.65287;199.43536;0.00101
44658.65287;195.71055;0.00101
44658.65287;196.31133;0.00101
44658.65287;199.19505;0.00101
44658.65287;196.07102;0.00101
44658.65287;196.19117;0.00101
44658.65287;198.95474;0.00101
44658.65287;195.59040;0.00100
44658.65287;194.50900;0.00100
44658.65287;195.83071;0.00100
44658.65287;194.50900;0.00100
44658.65287;188.62139;0.00100
44658.65287;193.66791;0.00100
44658.65287;192.34621;0.00100
44658.65287;190.18341;0.00100
44658.65287;195.83071;0.00100
44658.65287;193.18729;0.00100
44658.65287;193.90822;0.00100
44658.65287;195.10978;0.00100
44658.65287;195.35009;0.00100
44658.65287;194.86947;0.00100
44658.65287;193.18729;0.00100
44658.65287;201.95862;0.00100
44658.65287;191.26481;0.00100
44658.65287;201.95862;0.00100
44658.65287;192.10590;0.00100
44658.65287;194.86947;0.00100
44658.65287;194.02838;0.00101
44658.65287;191.86558;0.00101
44658.65287;196.19117;0.00101
44658.65287;187.66015;0.00101
44658.65287;197.03226;0.00101
44658.65287;189.82295;0.00101
44658.65287;191.62527;0.00101
44658.65287;194.02838;0.00101
44658.65287;192.22605;0.00101
44658.65287;194.50900;0.00101
44658.65287;193.42760;0.00099
44658.65287;201.11754;0.00099
44658.65287;193.54776;0.00099
44658.65287;198.11366;0.00099
44658.65288;194.14853;0.00099
44658.65288;190.42372;0.00099
44658.65288;193.06714;0.00099
44658.65288;192.10590;0.00099
44658.65288;190.54388;0.00099
44658.65288;190.66403;0.00099
44658.65288;188.98186;0.00100
44658.65288;191.86558;0.00100
44658.65288;187.05938;0.00100
44658.65288;196.07102;0.00100
44658.65288;189.34232;0.00100
44658.65288;190.90434;0.00100
44658.65288;193.78807;0.00100
44658.65288;193.30745;0.00100
44658.65288;194.02838;0.00100
44658.65288;193.30745;0.00100
44658.65288;194.62916;0.00100
44658.65288;186.57875;0.00100
44658.65288;195.35009;0.00100
44658.65288;188.86170;0.00100
44658.65288;192.94698;0.00100
44658.65288;187.17953;0.00100
44658.65288;194.86947;0.00100
44658.65288;184.05549;0.00100
44658.65288;195.83071;0.00100
44658.65288;190.90434;0.00100
44658.65288;191.14465;0.00100
44658.65288;195.95086;0.00100
44658.65288;192.94698;0.00100
44658.65288;195.95086;0.00100
44658.65288;191.14465;0.00100
44658.65288;196.19117;0.00100
44658.65288;192.82683;0.00100
44658.65288;188.62139;0.00100
44658.65288;199.31521;0.00100
44658.65288;185.25705;0.00100
44658.65288;196.43148;0.00100
44658.65288;186.81906;0.00100
44658.65288;193.90822;0.00100
44658.65288;188.86170;0.00100
44658.65288;192.94698;0.00100
44658.65288;192.34621;0.00100
44658.65288;188.50124;0.00100
44658.65288;192.58652;0.00100
44658.65288;191.86558;0.00100
44658.65288;191.86558;0.00100
44658.65288;191.38496;0.00100
44658.65288;196.91210;0.00100
44658.65288;190.78419;0.00100
44658.65288;194.38884;0.00100
44658.65288;195.59040;0.00100
44658.65288;186.57875;0.00100
44658.65288;194.14853;0.00100
44658.65288;185.49736;0.00100
44658.65288;190.90434;0.00100
44658.65288;184.77643;0.00100
44658.65288;188.98186;0.00100
44658.65288;192.22605;0.00100
44658.65288;180.57099;0.00100
44658.65288;196.79195;0.00100
44658.65288;183.69503;0.00100
44658.65288;191.98574;0.00100
44658.65288;190.30357;0.00100
44658.65288;194.38884;0.00100
44658.65288;193.90822;0.00100
44658.65288;191.74543;0.00100
44658.65288;195.47024;0.00100
44658.65288;185.97798;0.00100
44658.65288;192.46636;0.00100
44658.65288;186.93922;0.00100
44658.65288;186.21829;0.00100
44658.65288;187.90046;0.00100
44658.65288;187.41984;0.00100
44658.65288;185.97798;0.00100
44658.65288;186.21829;0.00100
44658.65288;188.74155;0.00100
44658.65288;187.66015;0.00100
44658.65288;190.06326;0.00100
44658.65288;192.22605;0.00100
44658.65288;190.78419;0.00100
44658.65288;190.90434;0.00100
44658.65288;192.70667;0.00100
44658.65288;189.94310;0.00100
44658.65288;187.29969;0.00100
44658.65288;190.42372;0.00100
44658.65288;186.09813;0.00100
44658.65288;187.17953;0.00100
44658.65288;185.97798;0.00100
44658.65288;187.41984;0.00100
44658.65288;183.33456;0.00100
44658.65288;190.90434;0.00100
44658.65288;185.49736;0.00100
44658.65288;189.34232;0.00100
44658.65288;187.78031;0.00100
44658.65288;191.38496;0.00100
44658.65288;189.82295;0.00100
44658.65288;188.02062;0.00100
44658.65288;196.43148;0.00100
44658.65288;184.05549;0.00100
44658.65288;194.50900;0.00100
44658.65288;187.54000;0.00100
44658.65288;191.02450;0.00100
44658.65288;186.45860;0.00100
44658.65288;187.29969;0.00100
44658.65288;186.81906;0.00100
44658.65288;182.37332;0.00100
44658.65288;187.90046;0.00101
44658.65288;185.61751;0.00101
44658.65288;181.89270;0.00101
44658.65288;188.62139;0.00101
44658.65288;184.05549;0.00101
44658.65288;187.54000;0.00101
44658.65288;186.09813;0.00101
44658.65288;193.06714;0.00101
44658.65288;184.77643;0.00101
44658.65288;191.02450;0.00101
44658.65288;186.57875;0.00100
44658.65288;187.17953;0.00100
44658.65288;184.53612;0.00100
44658.65288;185.97798;0.00100
44658.65288;181.17177;0.00100
44658.65288;182.49348;0.00100
44658.65288;184.17565;0.00100
44658.65288;181.65239;0.00100
44658.65288;182.37332;0.00100
44658.65288;184.41596;0.00100
44658.65288;182.37332;0.00100
44658.65288;184.17565;0.00100
44658.65288;185.73767;0.00100
44658.65288;189.10201;0.00100
44658.65288;185.97798;0.00100
44658.65288;189.10201;0.00100
44658.65288;186.09813;0.00100
44658.65288;182.01286;0.00100
44658.65288;186.57875;0.00100
44658.65288;180.45084;0.00100
44658.65288;183.69503;0.00100
44658.65288;180.57099;0.00100
44658.65288;186.33844;0.00100
44658.65288;177.20665;0.00100
44658.65288;186.09813;0.00100
44658.65288;181.65239;0.00100
44658.65288;185.85782;0.00100
44658.65288;182.61363;0.00100
44658.65288;188.26093;0.00100
44658.65288;184.41596;0.00100
44658.65288;183.93534;0.00100
44658.65288;191.38496;0.00100
44658.65288;182.49348;0.00100
44658.65288;188.02062;0.00100
44658.65288;186.69891;0.00100
44658.65288;181.17177;0.00100
44658.65288;186.93922;0.00100
44658.65288;178.40820;0.00100
44658.65288;186.09813;0.00100
44658.65288;175.16401;0.00100
44658.65288;185.73767;0.00100
44658.65288;179.72991;0.00100
44658.65288;179.97022;0.00100
44658.65288;183.33456;0.00100
44658.65288;182.13301;0.00100
44658.65288;181.77254;0.00100
44658.65288;186.09813;0.00100
44658.65288;185.85782;0.00100
44658.65288;186.57875;0.00100
44658.65288;187.17953;0.00100
44658.65288;187.78031;0.00100
44658.65288;183.69503;0.00100
44658.65288;183.09425;0.00100
44658.65288;182.49348;0.00100
44658.65288;180.69115;0.00100
44658.65288;178.52835;0.00100
44658.65288;184.17565;0.00100
44658.65288;177.80742;0.00100
44658.65288;181.53223;0.00100
44658.65288;182.25317;0.00100
44658.65288;179.60975;0.00100
44658.65288;185.25705;0.00100
44658.65288;180.93146;0.00100
44658.65288;191.98574;0.00100
44658.65288;179.24928;0.00100
44658.65288;192.46636;0.00100
44658.65288;182.97410;0.00100
44658.65288;179.97022;0.00100
44658.65288;186.33844;0.00100
44658.65288;175.76478;0.00100
44658.65288;181.89270;0.00100
44658.65288;176.48571;0.00100
44658.65288;179.00897;0.00100
44658.65288;177.44696;0.00100
44658.65288;177.20665;0.00100
44658.65288;183.09425;0.00100
44658.65288;176.60587;0.00100
44658.65288;183.21441;0.00100
44658.65288;181.89270;0.00100
44658.65288;182.25317;0.00100
44658.65288;183.57487;0.00100
44658.65288;184.41596;0.00100
44658.65288;183.33456;0.00100
44658.65288;182.49348;0.00100
44658.65288;184.89658;0.00100
44658.65288;180.33068;0.00100
44658.65288;179.12913;0.00100
44658.65288;179.97022;0.00100
44658.65288;179.48960;0.00100
44658.65288;174.56323;0.00100
44658.65288;182.25317;0.00100
44658.65288;176.24540;0.00100
44658.65288;177.56711;0.00100
44658.65288;179.72991;0.00100
44658.65288;180.45084;0.00100
44658.65288;177.20665;0.00100
44658.65288;181.53223;0.00100
44658.65288;182.13301;0.00100
44658.65288;180.57099;0.00100
44658.65288;181.89270;0.00100
44658.65288;181.41208;0.00100
44658.65288;176.96634;0.00100
44658.65288;176.12525;0.00100
44658.65288;176.84618;0.00100
44658.65288;172.76090;0.00100
44658.65288;173.84230;0.00100
44658.65288;175.04385;0.00100
44658.65288;172.03997;0.00100
44658.65288;174.20276;0.00100
44658.65288;176.24540;0.00100
44658.65288;173.84230;0.00101
44658.65288;178.40820;0.00101
44658.65288;176.60587;0.00101
44658.65288;183.93534;0.00101
44658.65288;175.04385;0.00101
44658.65288;182.97410;0.00101
44658.65288;179.12913;0.00101
44658.65288;175.76478;0.00101
44658.65288;179.72991;0.00101
44658.65288;173.72214;0.00101
44658.65288;172.16013;0.00101
44658.65288;173.84230;0.00101
44658.65288;171.67950;0.00101
44658.65288;173.00121;0.00101
44658.65288;169.99733;0.00101
44658.65288;176.12525;0.00101
44658.65288;169.63687;0.00101
44658.65288;178.16789;0.00101
44658.65288;174.44308;0.00101
44658.65288;178.88882;0.00101
44658.65288;174.32292;0.00100
44658.65288;181.89270;0.00100
44658.65288;173.36168;0.00100
44658.65288;176.84618;0.00100
44658.65288;176.36556;0.00100
44658.65288;171.43919;0.00100
44658.65288;171.43919;0.00100
44658.65288;171.55935;0.00100
44658.65288;170.35780;0.00100
44658.65288;172.52059;0.00100
44658.65288;169.75702;0.00100
44658.65288;174.44308;0.00100
44658.65288;167.47407;0.00100
44658.65288;177.32680;0.00100
44658.65288;172.16013;0.00100
44658.65288;174.32292;0.00100
44658.65288;174.92370;0.00100
44658.65288;174.92370;0.00100
44658.65288;173.96245;0.00100
44658.65288;175.16401;0.00100
44658.65288;174.32292;0.00100
44658.65288;169.51671;0.00100
44658.65288;170.23764;0.00100
44658.65288;169.03609;0.00100
44658.65288;167.11361;0.00100
44658.65288;168.07485;0.00100
44658.65288;170.71826;0.00100
44658.65288;168.67562;0.00100
44658.65288;168.79578;0.00100
44658.65288;171.55935;0.00100
44658.65288;169.99733;0.00100
44658.65288;169.03609;0.00100
44658.65288;174.56323;0.00100
44658.65288;169.99733;0.00100
44658.65288;173.12137;0.00100
44658.65288;172.76090;0.00100
44658.65288;173.24152;0.00100
44658.65288;167.83454;0.00100
44658.65288;173.00121;0.00100
44658.65288;165.79190;0.00100
44658.65288;167.71438;0.00100
44658.65288;164.95081;0.00100
44658.65288;167.59423;0.00100
44658.65288;163.02833;0.00100
44658.65288;166.03221;0.00100
44658.65288;166.27252;0.00100
44658.65288;165.07097;0.00100
44658.65288;165.67174;0.00100
44658.65288;169.39656;0.00100
44658.65288;164.95081;0.00100
44658.65288;168.91593;0.00100
44658.65288;168.79578;0.00100
44658.65288;166.51283;0.00100
44658.65288;166.99345;0.00100
44658.65288;167.23376;0.00100
44658.65288;165.43143;0.00100
44658.65288;159.78414;0.00100
44658.65288;165.79190;0.00100
44658.65288;160.62522;0.00100
44658.65288;159.06320;0.00100
44658.65288;164.35004;0.00100
44658.65288;160.38491;0.00100
44658.65288;162.30740;0.00100
44658.65288;162.06709;0.00100
44658.65288;163.02833;0.00100
44658.65288;160.74538;0.00100
44658.65288;165.79190;0.00100
44658.65288;163.62910;0.00100
44658.65288;163.38879;0.00100
44658.65288;163.26864;0.00100
44658.65288;163.02833;0.00100
44658.65288;157.98181;0.00100
44658.65288;160.98569;0.00100
44658.65288;157.38103;0.00100
44658.65288;157.14072;0.00100
44658.65288;157.38103;0.00100
44658.65288;159.18336;0.00100
44658.65288;156.29963;0.00100
44658.65288;160.26476;0.00100
44658.65288;156.90041;0.00100
44658.65288;161.82678;0.00100
44658.65288;155.93917;0.00100
44658.65288;164.10972;0.00100
44658.65288;158.70274;0.00100
44658.65288;159.66398;0.00100
44658.65288;163.14848;0.00100
44658.65288;154.85777;0.00100
44658.65288;160.38491;0.00100
44658.65288;153.89653;0.00100
44658.65288;157.62134;0.00100
44658.65288;151.25311;0.00100
44658.65288;155.57870;0.00100
44658.65288;154.49731;0.00100
44658.65288;150.53218;0.00100
44658.65288;157.98181;0.00100
44658.65288;153.17560;0.00100
44658.65288;155.45855;0.00100
44658.65288;157.74150;0.00100
44658.65288;157.14072;0.00100
44658.65288;156.78025;0.00100
44658.65288;158.46243;0.00101
44658.65288;160.14460;0.00101
44658.65288;157.50119;0.00101
44658.65288;158.22212;0.00101
44658.65288;157.74150;0.00101
44658.65288;152.93529;0.00101
44658.65288;153.41591;0.00101
44658.65288;152.81513;0.00101
44658.65288;152.21436;0.00101
44658.65288;148.60970;0.00101
44658.65288;155.21824;0.00100
44658.65288;148.00892;0.00100
44658.65288;152.57482;0.00100
44658.65288;151.37327;0.00100
44658.65288;153.53606;0.00100
44658.65288;149.33063;0.00100
44658.65288;156.66010;0.00100
44658.65288;152.21436;0.00100
44658.65288;153.53606;0.00100
44658.65288;153.89653;0.00100
44658.65288;153.77637;0.00100
44658.65288;148.97016;0.00100
44658.65288;148.48954;0.00100
44658.65288;149.45079;0.00100
44658.65288;144.52442;0.00100
44658.65288;149.57094;0.00100
44658.65288;147.16784;0.00100
44658.65288;144.28411;0.00100
44658.65288;148.97016;0.00100
44658.65288;146.32675;0.00100
44658.65288;147.52830;0.00100
44658.65288;149.93141;0.00100
44658.65288;149.93141;0.00100
44658.65288;151.25311;0.00100
44658.65288;146.56706;0.00100
44658.65288;156.17948;0.00100
44658.65288;142.24147;0.00100
44658.65288;154.25699;0.00100
44658.65288;143.92364;0.00100
44658.65288;146.56706;0.00100
44658.65288;144.52442;0.00101
44658.65288;145.00504;0.00101
44658.65288;143.68333;0.00101
44658.65288;142.36163;0.00101
44658.65288;143.80349;0.00101
44658.65288;143.68333;0.00101
44658.65288;140.55930;0.00101
44658.65288;147.04768;0.00101
44658.65288;142.60194;0.00101
44658.65288;144.04380;0.00101
44658.65288;146.32675;0.00100
44658.65288;144.64458;0.00100
44658.65288;145.00504;0.00100
44658.65288;145.72597;0.00100
44658.65288;143.32287;0.00100
44658.65288;140.19883;0.00100
44658.65288;141.03992;0.00100
44658.65288;138.75697;0.00100
44658.65288;136.59417;0.00100
44658.65288;138.75697;0.00100
44658.65288;137.43526;0.00100
44658.65288;136.47402;0.00100
44658.65288;139.47790;0.00100
44658.65288;138.03604;0.00100
44658.65288;139.11743;0.00100
44658.65288;137.43526;0.00100
44658.65288;143.08256;0.00100
44658.65288;137.31511;0.00100
44658.65288;144.52442;0.00100
44658.65288;140.19883;0.00100
44658.65288;139.71821;0.00100
44658.65288;137.07480;0.00100
44658.65288;134.79185;0.00100
44658.65288;135.87324;0.00100
44658.65288;129.86548;0.00100
44658.65288;135.75309;0.00100
44658.65288;130.34610;0.00100
44658.65288;130.46626;0.00100
44658.65288;137.55542;0.00100
44658.65288;130.22595;0.00100
44658.65288;135.39262;0.00100
44658.65288;135.15231;0.00100
44658.65288;136.23371;0.00100
44658.65288;135.51278;0.00100
44658.65288;136.83448;0.00100
44658.65288;138.51666;0.00100
44658.65288;130.34610;0.00100
44658.65288;137.07480;0.00100
44658.65288;130.22595;0.00100
44658.65288;129.62517;0.00100
44658.65288;130.10579;0.00100
44658.65288;129.86548;0.00100
44658.65288;125.90036;0.00100
44658.65288;129.62517;0.00100
44658.65288;128.42362;0.00100
44658.65288;129.02439;0.00100
44658.65288;128.30346;0.00100
44658.65288;132.98952;0.00100
44658.65288;129.14455;0.00100
44658.65288;132.14843;0.00100
44658.65288;132.02828;0.00100
44658.65288;129.86548;0.00100
44658.65288;130.82672;0.00100
44658.65288;130.46626;0.00100
44658.65288;128.66393;0.00100
44658.65288;127.46238;0.00100
44658.65288;127.22207;0.00100
44658.65288;125.29958;0.00100
44658.65288;123.01663;0.00100
44658.65288;125.66005;0.00100
44658.65288;123.25694;0.00100
44658.65288;120.85384;0.00100
44658.65288;128.06315;0.00100
44658.65288;120.85384;0.00100
44658.65288;126.86160;0.00100
44658.65288;122.89648;0.00100
44658.65288;125.17943;0.00100
44658.65288;126.02051;0.00100
44658.65288;124.57865;0.00100
44658.65288;129.14455;0.00100
44658.65288;120.37322;0.00100
44658.65288;125.78020;0.00100
44658.65288;120.73368;0.00100
44658.65288;117.84996;0.00100
44658.65288;118.33058;0.00100
44658.65288;117.97011;0.00100
44658.65288;113.64452;0.00100
44658.65288;118.69104;0.00100
44658.65288;115.68716;0.00100
44658.65288;116.40809;0.00100
44658.65288;116.76856;0.00101
44658.65288;118.93135;0.00101
44658.65288;117.60965;0.00101
44658.65288;119.41197;0.00101
44658.65288;121.81508;0.00101
44658.65288;118.69104;0.00101
44658.65288;118.09027;0.00101
44658.65288;120.37322;0.00101
44658.65288;111.24142;0.00101
44658.65288;116.16778;0.00101
44658.65288;110.03987;0.00101
44658.65288;113.64452;0.00101
44658.65288;106.91583;0.00101
44658.65288;114.60577;0.00101
44658.65288;108.71816;0.00101
44658.65288;109.55925;0.00101
44658.65288;112.44297;0.00101
44658.65288;109.19878;0.00101
44658.65288;112.68328;0.00101
44658.65288;110.76080;0.00101
44658.65288;114.60577;0.00101
44658.65288;107.39645;0.00101
44658.65288;114.96623;0.00101
44658.65288;108.83831;0.00101
44658.65288;107.51661;0.00101
44658.65288;110.40033;0.00101
44658.65288;103.55148;0.00101
44658.65288;106.91583;0.00101
44658.65288;104.27241;0.00101
44658.65288;105.11350;0.00101
44658.65288;104.87319;0.00100
44658.65288;102.22978;0.00100
44658.65288;109.07862;0.00100
44658.65288;98.98558;0.00100
44658.65288;111.24142;0.00100
44658.65288;103.19102;0.00100
44658.65288;104.99335;0.00100
44658.65288;106.67552;0.00100
44658.65288;105.71428;0.00100
44658.65288;106.07474;0.00100
44658.65288;105.23366;0.00101
44658.65288;105.83443;0.00101
44658.65288;103.31117;0.00101
44658.65288;99.46620;0.00101
44658.65288;104.15226;0.00101
44658.65288;93.21813;0.00101
44658.65288;102.95071;0.00101
44658.65288;96.34217;0.00101
44658.65288;99.94683;0.00101
44658.65288;96.34217;0.00101
44658.65288;102.34993;0.00101
44658.65288;96.70263;0.00101
44658.65288;101.98946;0.00101
44658.65288;99.46620;0.00101
44658.65288;100.78791;0.00101
44658.65288;99.34605;0.00101
44658.65288;99.46620;0.00101
44658.65288;98.86543;0.00101
44658.65288;91.89642;0.00101
44658.65288;98.02434;0.00101
44658.65288;88.41192;0.00101
44658.65288;93.21813;0.00101
44658.65288;90.45456;0.00101
44658.65288;90.45456;0.00101
44658.65288;89.13285;0.00101
44658.65288;90.09410;0.00101
44658.65288;90.57472;0.00101
44658.65288;88.29177;0.00101
44658.65288;92.49720;0.00101
44658.65288;91.65611;0.00101
44658.65288;90.33441;0.00100
44658.65288;95.02046;0.00100
44658.65288;90.45456;0.00100
44658.65288;89.73363;0.00100
44658.65288;90.45456;0.00100
44658.65288;85.52820;0.00100
44658.65288;85.64835;0.00100
44658.65288;83.60571;0.00100
44658.65288;84.32664;0.00100
44658.65288;80.24137;0.00100
44658.65288;82.88478;0.00100
44658.65288;80.48168;0.00100
44658.65288;81.68323;0.00100
44658.65288;80.84214;0.00100
44658.65288;85.16773;0.00100
44658.65288;77.83826;0.00100
44658.65288;85.76851;0.00100
44658.65288;81.32276;0.00100
44658.65288;81.80338;0.00100
44658.65288;81.08245;0.00100
44658.65288;81.68323;0.00102
44658.65288;75.67547;0.00102
44658.65288;78.19873;0.00102
44658.65288;73.27236;0.00102
44658.65288;74.23360;0.00102
44658.65288;69.90801;0.00102
44658.65288;74.47391;0.00102
44658.65288;68.34600;0.00102
44658.65288;72.19096;0.00102
44658.65288;70.98941;0.00102
44658.65288;71.34988;0.00102
44658.65288;69.78786;0.00102
44658.65288;73.51267;0.00102
44658.65288;70.02817;0.00102
44658.65288;73.27236;0.00102
44658.65288;71.71034;0.00102
44658.65288;71.47003;0.00102
44658.65288;67.98553;0.00102
44658.65288;68.70646;0.00102
44658.65288;64.50103;0.00102
44658.65288;62.81886;0.00101
44658.65288;63.90025;0.00101
44658.65288;61.61730;0.00101
44658.65288;60.77622;0.00101
44658.65288;62.81886;0.00101
44658.65288;61.13668;0.00101
44658.65288;60.65606;0.00101
44658.65288;63.65994;0.00101
44658.65288;62.21808;0.00101
44658.65288;60.65606;0.00101
44658.65288;64.38087;0.00100
44658.65288;62.81886;0.00100
44658.65288;60.41575;0.00100
44658.65288;62.93901;0.00100
44658.65288;57.77233;0.00100
44658.65288;56.33047;0.00100
44658.65288;56.93125;0.00100
44658.65288;54.28783;0.00100
44658.65288;54.40799;0.00100
44658.65288;52.60566;0.00100
44658.65288;55.60954;0.00101
44658.65288;48.28007;0.00101
44658.65288;55.97001;0.00101
44658.65288;52.24519;0.00101
44658.65288;50.68318;0.00101
44658.65288;58.01265;0.00101
44658.65288;51.52426;0.00101
44658.65288;57.05140;0.00101
44658.65288;53.92737;0.00101
44658.65288;54.52814;0.00101
44658.65288;51.64442;0.00101
44658.65288;50.44286;0.00101
44658.65288;51.16380;0.00101
44658.65288;44.07464;0.00101
44658.65288;47.43898;0.00101
44658.65288;46.95836;0.00101
44658.65288;41.91184;0.00101
44658.65288;48.64054;0.00101
44658.65288;44.43510;0.00101
44658.65288;45.63665;0.00101
44658.65288;47.67929;0.00081
44658.65288;47.19867;0.00081
44658.65288;47.55914;0.00081
44658.65288;47.07852;0.00081
44658.65288;50.56302;0.00081
44658.65288;44.55526;0.00081
44658.65288;49.24131;0.00081
44658.65288;45.63665;0.00081
44658.65288;42.51262;0.00081
44658.65288;41.43122;0.00081
44658.65288;41.55138;0.00101
44658.65288;37.82656;0.00101
44658.65288;39.38858;0.00101
44658.65288;40.46998;0.00101
44658.65288;35.90408;0.00101
44658.65288;41.19091;0.00101
44658.65288;38.54750;0.00101
44658.65288;39.50874;0.00101
44658.65288;39.50874;0.00101
44658.65288;41.79169;0.00101
44658.65288;39.74905;0.00102
44658.65288;41.91184;0.00102
44658.65288;41.55138;0.00102
44658.65288;39.62889;0.00102
44658.65288;36.74517;0.00102
44658.65288;39.14827;0.00102
44658.65288;30.97771;0.00102
44658.65288;35.90408;0.00102
44658.65288;31.69865;0.00102
44658.65288;33.86144;0.00102
44658.65288;30.85756;0.00099
44658.65288;34.34206;0.00099
44658.65288;31.45834;0.00099
44658.65288;32.65989;0.00099
44658.65288;35.78392;0.00099
44658.65288;32.78004;0.00099
44658.65288;34.10175;0.00099
44658.65288;37.22579;0.00099
44658.65288;32.53973;0.00099
44658.65288;35.06299;0.00099
44658.65288;32.90020;0.00100
44658.65288;31.33818;0.00100
44658.65288;29.41570;0.00100
44658.65288;29.65601;0.00100
44658.65288;27.73352;0.00100
44658.65288;25.21026;0.00100
44658.65288;28.57461;0.00100
44658.65288;25.33042;0.00100
44658.65288;24.60949;0.00100
44658.65288;29.17539;0.00100
44658.65288;26.05135;0.00100
44658.65288;27.85368;0.00100
44658.65288;29.89632;0.00100
44658.65288;28.09399;0.00100
44658.65288;29.17539;0.00100
44658.65288;28.93508;0.00100
44658.65288;29.17539;0.00100
44658.65288;24.36918;0.00100
44658.65288;27.73352;0.00100
44658.65288;22.20638;0.00100
44658.65288;20.88467;0.00099
44658.65288;22.68700;0.00099
44658.65288;20.28390;0.00099
44658.65288;19.68312;0.00099
44658.65288;21.96607;0.00099
44658.65288;21.60561;0.00099
44658.65288;18.60172;0.00099
44658.65288;24.00871;0.00099
44658.65288;21.48545;0.00099
44658.65288;20.88467;0.00099
44658.65288;26.53197;0.00100
44658.65288;22.56685;0.00100
44658.65288;24.00871;0.00100
44658.65288;23.64824;0.00100
44658.65288;20.52421;0.00100
44658.65288;19.20250;0.00100
44658.65288;17.88079;0.00100
44658.65288;18.60172;0.00100
44658.65288;14.27614;0.00100
44658.65288;17.76064;0.00100
44658.65288;17.15986;0.00100
44658.65288;13.91567;0.00100
44658.65288;19.44281;0.00100
44658.65288;15.95831;0.00100
44658.65288;17.88079;0.00100
44658.65288;19.80328;0.00100
44658.65288;19.80328;0.00100
44658.65288;19.68312;0.00100
44658.65288;20.16374;0.00100
44658.65288;19.92343;0.00100
44658.65288;14.99707;0.00100
44658.65288;18.24126;0.00100
44658.65288;14.99707;0.00100
44658.65288;11.75287;0.00100
44658.65288;15.47769;0.00100
44658.65288;11.27225;0.00100
44658.65288;11.03194;0.00100
44658.65288;13.67536;0.00100
44658.65288;11.87303;0.00100
44658.65288;12.47381;0.00100
44658.65288;14.63660;0.00100
44658.65288;15.47769;0.00100
44658.65288;13.31489;0.00100
44658.65288;17.88079;0.00100
44658.65288;15.59784;0.00100
44658.65288;15.35753;0.00100
44658.65288;15.47769;0.00100
44658.65288;15.11722;0.00100
44658.65288;9.95055;0.00100
44658.65288;11.87303;0.00100
44658.65288;10.07070;0.00100
44658.65288;5.50480;0.00100
44658.65288;11.75287;0.00100
44658.65288;6.58620;0.00100
44658.65288;8.14822;0.00100
44658.65288;10.43117;0.00100
44658.65288;9.83039;0.00100
44658.65288;9.46993;0.00100
44658.65288;11.39241;0.00100
44658.65288;11.63272;0.00100
44658.65288;9.95055;0.00100
44658.65288;13.67536;0.00100
44658.65288;11.63272;0.00100
44658.65288;8.98930;0.00100
44658.65288;10.43117;0.00100
44658.65288;7.54744;0.00100
44658.65288;3.70247;0.00100
44658.65288;6.82651;0.00100
44658.65288;4.42340;0.00100
44658.65288;3.22185;0.00100
44658.65288;6.34589;0.00101
44658.65288;4.78387;0.00101
44658.65288;3.70247;0.00101
44658.65288;7.30713;0.00101
44658.65288;5.86527;0.00101
44658.65288;6.70635;0.00101
44658.65288;8.02806;0.00101
44658.65288;9.71024;0.00101
44658.65288;7.30713;0.00101
44658.65288;9.10946;0.00101
44658.65288;7.78775;0.00100
44658.65288;3.58232;0.00100
44658.65288;5.86527;0.00100
44658.65288;2.62108;0.00100
44658.65288;0.93890;0.00100
44658.65288;2.98154;0.00100
44658.65288;0.81875;0.00100
44658.65288;0.21797;0.00100
44658.65288;2.50092;0.00100
44658.65288;2.38077;0.00100
44658.65288;1.53968;0.00100
44658.65288;5.50480;0.00100
44658.65288;5.02418;0.00100
44658.65288;4.18309;0.00100
44658.65288;8.14822;0.00100
44658.65288;5.62496;0.00100
44658.65288;4.18309;0.00100
44658.65288;5.14434;0.00100
44658.65288;2.74123;0.00100
44658.65288;-0.14249;0.00100
44658.65288;0.93890;0.00100
44658.65288;-0.26265;0.00100
44658.65288;-2.78591;0.00100
44658.65288;0.33813;0.00100
44658.65288;-0.14249;0.00100
44658.65288;-1.10374;0.00100
44658.65288;2.50092;0.00100
44658.65288;1.77999;0.00100
44658.65288;1.65983;0.00100
44658.65288;3.82263;0.00100
44658.65288;4.78387;0.00100
44658.65288;2.62108;0.00100
44658.65288;5.62496;0.00100
44658.65288;3.82263;0.00100
44658.65288;0.81875;0.00100
44658.65288;2.02030;0.00100
44658.65288;-1.10374;0.00100
44658.65288;-2.78591;0.00100
44658.65288;-0.86343;0.00100
44658.65288;-1.46420;0.00100
44658.65288;-2.90607;0.00101
44658.65288;0.57844;0.00101
44658.65288;-0.50296;0.00101
44658.65288;-1.10374;0.00101
44658.65288;2.14045;0.00101
44658.65288;2.02030;0.00101
44658.65288;1.05906;0.00101
44658.65288;5.38465;0.00101
44658.65288;4.18309;0.00101
44658.65288;2.26061;0.00101
44658.65288;3.70247;0.00100
44658.65288;1.05906;0.00100
44658.65288;-2.06498;0.00100
44658.65288;-0.14249;0.00100
44658.65288;-1.70451;0.00100
44658.65288;-3.14638;0.00100
44658.65288;-0.86343;0.00100
44658.65288;-1.58436;0.00100
44658.65288;-2.78591;0.00100
44658.65288;-0.14249;0.00100
44658.65288;0.45828;0.00100
44658.65288;-0.14249;0.00100
44658.65288;3.22185;0.00100
44658.65288;3.34201;0.00100
44658.65288;2.26061;0.00100
44658.65288;4.54356;0.00100
44658.65288;3.10170;0.00100
44658.65288;0.09782;0.00100
44658.65288;1.53968;0.00100
44658.65288;-0.74327;0.00100
44658.65288;-3.02622;0.00100
44658.65288;-1.22389;0.00100
44658.65288;-1.82467;0.00100
44658.65288;-3.74715;0.00100
44658.65288;-0.86343;0.00100
44658.65288;-0.74327;0.00100
44658.65288;-1.46420;0.00100
44658.65288;1.65983;0.00100
44658.65288;2.14045;0.00100
44658.65288;0.45828;0.00100
44658.65288;4.06294;0.00100
44658.65288;4.06294;0.00100
44658.65288;1.29937;0.00100
44658.65288;3.82263;0.00100
44658.65288;1.77999;0.00100
44658.65288;-1.58436;0.00100
44658.65288;-0.26265;0.00100
44658.65288;-1.70451;0.00100
44658.65288;-3.98746;0.00100
44658.65288;-1.34405;0.00100
44658.65288;-1.34405;0.00100
44658.65288;-2.90607;0.00100
44658.65288;0.33813;0.00100
44658.65288;0.33813;0.00100
44658.65288;-1.10374;0.00100
44658.65288;2.26061;0.00100
44658.65288;2.62108;0.00100
44658.65288;1.90014;0.00100
44658.65289;5.02418;0.00100
44658.65289;3.46216;0.00100
44658.65289;0.81875;0.00101
44658.65289;1.90014;0.00101
44658.65289;-0.38281;0.00101
44658.65289;-3.50684;0.00101
44658.65289;-1.22389;0.00101
44658.65289;-1.94482;0.00101
44658.65289;-3.62700;0.00101
44658.65289;-0.86343;0.00101
44658.65289;-1.10374;0.00101
44658.65289;-2.66576;0.00101
44658.65289;1.05906;0.00100
44658.65289;1.17921;0.00100
44658.65289;0.09782;0.00100
44658.65289;4.42340;0.00100
44658.65289;3.94278;0.00100
44658.65289;2.14045;0.00100
44658.65289;3.70247;0.00100
44658.65289;2.38077;0.00100
44658.65289;-1.58436;0.00100
44658.65289;0.09782;0.00100
44658.65289;-1.34405;0.00100
44658.65289;-3.86731;0.00100
44658.65289;-1.34405;0.00100
44658.65289;-2.18513;0.00100
44658.65289;-3.14638;0.00100
44658.65289;-0.50296;0.00100
44658.65289;0.09782;0.00100
44658.65289;-1.10374;0.00100
44658.65289;2.86139;0.00100
44658.65289;2.50092;0.00100
44658.65289;1.65983;0.00100
44658.65289;4.42340;0.00100
44658.65289;3.46216;0.00100
44658.65289;1.41952;0.00100
44658.65289;2.38077;0.00100
44658.65289;0.57844;0.00100
44658.65289;-2.90607;0.00100
44658.65289;-0.86343;0.00100
44658.65289;-2.06498;0.00100
44658.65289;-4.10762;0.00100
44658.65289;-1.10374;0.00100
44658.65289;-1.10374;0.00100
44658.65289;-2.42544;0.00100
44658.65289;0.57844;0.00100
44658.65289;1.29937;0.00100
44658.65289;-0.50296;0.00100
44658.65289;3.22185;0.00100
44658.65289;3.58232;0.00100
44658.65289;2.50092;0.00100
44658.65289;4.06294;0.00100
44658.65289;3.22185;0.00100
44658.65289;-0.62312;0.00100
44658.65289;0.57844;0.00100
44658.65289;-1.34405;0.00100
44658.65289;-3.62700;0.00100
44658.65289;-1.10374;0.00100
44658.65289;-1.82467;0.00100
44658.65289;-2.90607;0.00100
44658.65289;-0.86343;0.00100
44658.65289;-0.38281;0.00100
44658.65289;-1.94482;0.00101
44658.65289;2.14045;0.00101
44658.65289;2.02030;0.00101
44658.65289;1.77999;0.00101
44658.65289;4.66372;0.00101
44658.65289;4.18309;0.00101
44658.65289;1.29937;0.00101
44658.65289;2.98154;0.00101
44658.65289;0.57844;0.00101
44658.65289;-2.54560;0.00101
44658.65289;-0.86343;0.00100
44658.65289;-1.70451;0.00100
44658.65289;-3.98746;0.00100
44658.65289;-1.10374;0.00100
44658.65289;-1.58436;0.00100
44658.65289;-3.14638;0.00100
44658.65289;0.57844;0.00100
44658.65289;0.69859;0.00100
44658.65289;-0.14249;0.00100
44658.65289;3.10170;0.00100
44658.65289;3.34201;0.00100
44658.65289;2.14045;0.00100
44658.65289;4.18309;0.00100
44658.65289;2.98154;0.00100
44658.65289;-0.02234;0.00100
44658.65289;1.05906;0.00100
44658.65289;-0.86343;0.00100
44658.65289;-3.50684;0.00100
44658.65289;-1.10374;0.00100
44658.65289;-2.18513;0.00100
44658.65289;-3.62700;0.00100
44658.65289;-0.50296;0.00100
44658.65289;-0.62312;0.00100
44658.65289;-1.82467;0.00100
44658.65289;2.02030;0.00100
44658.65289;1.17921;0.00100
44658.65289;1.29937;0.00100
44658.65289;4.18309;0.00100
44658.65289;4.18309;0.00100
44658.65289;1.65983;0.00100
44658.65289;3.82263;0.00100
44658.65289;1.41952;0.00100
44658.65289;-2.06498;0.00100
44658.65289;-0.62312;0.00100
44658.65289;-1.82467;0.00100
44658.65289;-4.10762;0.00100
44658.65289;-1.34405;0.00100
44658.65289;-1.58436;0.00100
44658.65289;-3.26653;0.00100
44658.65289;0.33813;0.00100
44658.65289;0.09782;0.00100
44658.65289;-0.62312;0.00100
44658.65289;2.74123;0.00100
44658.65289;3.22185;0.00100
44658.65289;2.02030;0.00100
44658.65289;5.02418;0.00100
44658.65289;2.98154;0.00100
44658.65289;0.57844;0.00100
44658.65289;1.17921;0.00100
44658.65289;-0.74327;0.00100
44658.65289;-3.26653;0.00101
44658.65289;-1.22389;0.00101
44658.65289;-2.42544;0.00101
44658.65289;-3.50684;0.00101
44658.65289;-0.86343;0.00101
44658.65289;-1.10374;0.00101
44658.65289;-2.06498;0.00101
44658.65289;1.65983;0.00101
44658.65289;1.41952;0.00101
44658.65289;0.93890;0.00101
44658.65289;4.42340;0.00100
44658.65289;4.06294;0.00100
44658.65289;1.53968;0.00100
44658.65289;3.70247;0.00100
44658.65289;1.65983;0.00100
44658.65289;-1.70451;0.00100
44658.65289;0.09782;0.00100
44658.65289;-1.82467;0.00100
44658.65289;-3.74715;0.00100
44658.65289;-1.70451;0.00100
44658.65289;-1.58436;0.00101
44658.65289;-3.50684;0.00101
44658.65289;-0.14249;0.00101
44658.65289;0.33813;0.00101
44658.65289;-0.86343;0.00101
44658.65289;2.50092;0.00101
44658.65289;2.86139;0.00101
44658.65289;1.90014;0.00101
44658.65289;4.78387;0.00101
44658.65289;3.58232;0.00101
44658.65289;0.93890;0.00100
44658.65289;2.38077;0.00100
44658.65289;-0.26265;0.00100
44658.65289;-3.26653;0.00100
44658.65289;-1.34405;0.00100
44658.65289;-2.54560;0.00100
44658.65289;-4.10762;0.00100
44658.65289;-0.50296;0.00100
44658.65289;-1.34405;0.00100
44658.65289;-2.30529;0.00100
44658.65289;1.17921;0.00100
44658.65289;1.17921;0.00100
44658.65289;0.21797;0.00100
44658.65289;4.42340;0.00100
44658.65289;3.94278;0.00100
44658.65289;2.38077;0.00100
44658.65289;4.18309;0.00100
44658.65289;2.38077;0.00100
44658.65289;-1.46420;0.00100
44658.65289;-0.14249;0.00100
44658.65289;-1.82467;0.00100
44658.65289;-3.86731;0.00100
44658.65289;-1.46420;0.00100
44658.65289;-2.06498;0.00100
44658.65289;-3.50684;0.00100
44658.65289;-0.38281;0.00100
44658.65289;-0.14249;0.00100
44658.65289;-1.46420;0.00100
44658.65289;2.74123;0.00100
44658.65289;2.26061;0.00100
44658.65289;2.02030;0.00100
44658.65289;4.78387;0.00100
44658.65289;3.34201;0.00100
44658.65289;1.17921;0.00100
44658.65289;2.14045;0.00100
44658.65289;0.09782;0.00100
44658.65289;-3.26653;0.00100
44658.65289;-0.50296;0.00100
44658.65289;-2.54560;0.00100
44658.65289;-3.86731;0.00100
44658.65289;-1.22389;0.00100
44658.65289;-1.82467;0.00100
44658.65289;-2.66576;0.00100
44658.65289;0.45828;0.00100
44658.65289;1.53968;0.00100
44658.65289;-0.14249;0.00100
44658.65289;3.82263;0.00100
44658.65289;3.58232;0.00100
44658.65289;2.26061;0.00100
44658.65289;4.18309;0.00100
44658.65289;2.74123;0.00101
44658.65289;-0.62312;0.00101
44658.65289;0.33813;0.00101
44658.65289;-1.46420;0.00101
44658.65289;-3.86731;0.00101
44658.65289;-1.58436;0.00101
44658.65289;-2.42544;0.00101
44658.65289;-3.50684;0.00101
44658.65289;-0.38281;0.00101
44658.65289;-0.38281;0.00101
44658.65289;-1.46420;0.00100
44658.65289;2.38077;0.00100
44658.65289;2.02030;0.00100
44658.65289;1.53968;0.00100
44658.65289;4.90403;0.00100
44658.65289;3.82263;0.00100
44658.65289;1.53968;0.00100
44658.65289;2.98154;0.00100
44658.65289;0.57844;0.00100
44658.65289;-3.02622;0.00100
44658.65289;-0.98358;0.00100
44658.65289;-2.18513;0.00100
44658.65289;-4.10762;0.00100
44658.65289;-1.22389;0.00100
44658.65289;-1.58436;0.00100
44658.65289;-2.90607;0.00100
44658.65289;0.45828;0.00100
44658.65289;0.69859;0.00100
44658.65289;-0.62312;0.00100
44658.65289;3.34201;0.00100
44658.65289;3.10170;0.00100
44658.65289;2.50092;0.00100
44658.65289;4.06294;0.00100
44658.65289;2.98154;0.00100
44658.65289;-0.38281;0.00100
44658.65289;0.81875;0.00100
44658.65289;-1.46420;0.00100
44658.65289;-3.50684;0.00100
44658.65289;-1.46420;0.00100
44658.65289;-2.30529;0.00100
44658.65289;-3.62700;0.00100
44658.65289;-0.86343;0.00100
44658.65289;-0.86343;0.00100
44658.65289;-2.06498;0.00100
44658.65289;1.90014;0.00100
44658.65289;1.29937;0.00100
44658.65289;1.05906;0.00100
44658.65289;4.42340;0.00100
44658.65289;4.06294;0.00100
44658.65289;1.41952;0.00100
44658.65289;3.22185;0.00100
44658.65289;1.29937;0.00100
44658.65289;-2.30529;0.00100
44658.65289;-0.62312;0.00100
44658.65289;-2.18513;0.00100
44658.65289;-4.22777;0.00100
44658.65289;-1.58436;0.00100
44658.65289;-1.82467;0.00100
44658.65289;-3.14638;0.00100
44658.65289;-0.02234;0.00100
44658.65289;0.33813;0.00101
44658.65289;-0.50296;0.00101
44658.65289;2.50092;0.00101
44658.65289;3.22185;0.00101
44658.65289;2.26061;0.00101
44658.65289;4.54356;0.00101
44658.65289;3.22185;0.00101
44658.65289;0.69859;0.00101
44658.65289;1.05906;0.00101
44658.65289;-0.98358;0.00101
44658.65289;-3.38669;0.00100
44658.65289;-1.82467;0.00100
44658.65289;-2.06498;0.00100
44658.65289;-3.98746;0.00100
44658.65289;-0.50296;0.00100
44658.65289;-1.10374;0.00100
44658.65289;-2.18513;0.00100
44658.65289;1.17921;0.00100
44658.65289;1.17921;0.00100
44658.65289;0.69859;0.00100
44658.65289;3.82263;0.00100
44658.65289;4.30325;0.00100
44658.65289;1.29937;0.00100
44658.65289;3.82263;0.00100
44658.65289;1.05906;0.00100
44658.65289;-1.82467;0.00100
44658.65289;-0.38281;0.00100
44658.65289;-1.82467;0.00100